{"CKA": 0.015523197129368782, "_timestamp": 1689420693.617772, "_runtime": 64.47050213813782, "_step": 1499, "Training Loss": 0.09509548731148243, "Validation Loss": 0.2154969982802868}